"R.D.Spend","ActualProfit","PredictedProfit"
144372.41,182901.99,173981.087289013
142107.34,166187.94,172655.638294541
130298.13,155752.6,160250.020750651
101913.08,146121.95,135513.899440935
114523.61,129917.04,146059.361208703
86419.7,122776.86,114151.026047729
76253.86,118474.03,117081.624376537
67532.53,108733.99,110671.313743947
61994.48,99937.59,98975.2939884833
61136.38,97483.56,96867.0305670216
