Actual Profit,Predicted Profit
103282.38,103015.20159796352
144259.4,132582.2776081537
146121.95,132447.73845174702
77798.83,71976.09851258088
191050.39,178537.48221055616
105008.31,116161.24230165542
81229.06,67851.69209675616
97483.56,98791.73374687255
110352.25,113969.43533012968
166187.94,167921.06569550867
